name,hex
Exuberant Pink,#b54d7f
Dragon Fruit,#cc617f
Cherries Jubilee,#ab3c51
Radish,#a42e41
Heartthrob,#a82e33
Real Red,#bf2d32
Positive Red,#ad2c34
Teaberry,#ebd1db
Lighthearted Pink,#edd5dd
Priscilla,#f1d3da
Impatiens Petal,#f1d2d7
Alyssum,#f2d5d7
Bella Pink,#f1c6c4
Oleander,#f2ccc5
Irresistible,#e3c0cf
Childlike,#e8c0cf
Azalea Flower,#efc0cb
In the Pink,#f0bcc9
Loveable,#f0c1c6
Hopeful,#f0b3b2
Youthful Coral,#f0afa8
Rosebay,#cb9aad
Haute Pink,#d899b1
Jaipur Pink,#e392a1
Cheery,#eb92a3
Amaryllis,#ed939d
Dishy Coral,#ed9190
Charisma,#ee9489
Red Clover,#b87e93
Cyclamen,#c47b95
Tuberose,#d47c8c
Coming up Roses,#dd7788
Grenadine,#d66972
Begonia,#d76c6e
Coral Reef,#d9766c
Grandeur Plum,#92576f
Ruby Shade,#a2566f
Gala Pink,#b04b63
Eros Pink,#c84f68
Coral Bells,#bb4b51
Enticing Red,#b74e4f
Red Tomato,#b24743
Dynamo,#953d68
Juneberry,#854158
Hot,#ac4362
Heartfelt,#bd4c5f
Show Stopper,#a42e37
Tanager,#a43834
Rave Red,#a13b34
Forward Fuchsia,#92345b
Framboise,#7c3655
Cerise,#99324e
Valentine,#a53a4e
Poinsettia,#9d373c
Antique Red,#9f4442
Bolero,#903934
Rosebud,#e0cdd1
Demure,#e8d4d5
Innocence,#ebd1cf
Charming Pink,#edd3d2
Rosy Outlook,#ebcecb
Romance,#ebcfc3
Quaint Peche,#eacdc1
Delightful,#d2b6be
Fading Rose,#dabdc1
Rose Colored,#dcb6b5
Lotus Flower,#e6bdbd
Gracious Rose,#e3b7b1
Mellow Coral,#e3b5a8
Smoky Salmon,#e2b6a7
Rosé,#b995a1
Rose Embroidery,#c79ea2
Pressed Flower,#c39393
Memorable Rose,#cf8a8d
Resounding Rose,#cd8e89
Constant Coral,#cd8e7f
Coral Island,#ce9382
Moss Rose,#9e6d79
Audrey's Blush,#ae8087
Carley's Rose,#a87376
Rita's Rouge,#ba7176
Coral Rose,#c37f7a
Coral Clay,#bf796e
Rojo Dust,#b57466
Berry Bush,#8d5869
Concerto,#9e6b75
Rambling Rose,#995d62
Redbud,#ad5e65
Reddish,#b56966
Henna Shade,#b3675d
Foxy,#a85e53
Fabulous Grape,#6d344f
Aged Wine,#895460
Cordial,#864c52
Kirsch Red,#974953
Bravado Red,#a0524e
Bold Brick,#a0584f
Flower Pot,#8f4438
Blackberry,#533640
Burgundy,#63333e
Fine Wine,#723941
Luxurious Red,#863a42
Red Bay,#8e3738
Fireweed,#7b3730
Fired Brick,#83382a
Breathless,#d6c2be
White Truffle,#d7c8c2
Unfussy Beige,#d6c8c0
Abalone Shell,#dbc7bd
Malted Milk,#decabd
Reticence,#d9cdc3
Simplify Beige,#d6c7b9
Insightful Rose,#c9b0ab
Artistic Taupe,#c3b1ac
Doeskin,#c6b3a9
Sashay Sand,#cfb4a8
Likeable Sand,#d1b7a8
Bona Fide Beige,#cbb9ab
Sand Dune,#c5b1a2
Dressy Rose,#b89d9a
Glamour,#b6a09a
Emerging Taupe,#b8a196
Sandbank,#c3a497
Interface Tan,#c1a392
Sand Trap,#bba595
Trusty Tan,#b59f8f
Rosaline Pearl,#a38887
Cocoa Berry,#a08882
Velvety Chestnut,#a2877d
Hushed Auburn,#a8857a
Redend Point,#ae8e7e
Chocolate Powder,#a58c7b
Dusted Truffle,#9c8373
Socialite,#907676
Dutch Cocoa,#8c706a
Swing Brown,#947569
Reddened Earth,#9c6e63
Moroccan Brown,#9d7868
Mocha,#967a6a
Nuthatch,#8e725f
River Rouge,#76595d
Bateau Brown,#7a5f5a
Hot Cocoa,#806257
Canyon Clay,#85594f
Tanbark,#896656
Brevity Brown,#715243
Grounded,#785b47
Cordovan,#5f3d3f
Arresting Auburn,#5a3532
Terra Brun,#5a382d
Fiery Brown,#5d3831
Rugged Brown,#694336
French Roast,#4f3426
Java,#634533
Stop,#c33a36
Obstinate Orange,#d7552a
Knockout Orange,#e16f3e
Invigorate,#e47237
Navel,#ec8430
Carnival,#eb882c
Osage Orange,#f4a045
Koral Kicks,#f2d1c3
Blushing,#f0d1c3
Peach Blossom,#f3d0bd
Naive Peach,#f3d3bf
Flattering Peach,#f4d3b3
Flan,#f4d4af
Captivating Cream,#f4d9b1
Jovial,#f2b8a7
Cosmetic Peach,#f3c1ab
Certain Peach,#f2bda2
Neighborly Peach,#f3c1a3
Avid Apricot,#f4c69f
Delicious Melon,#f5c894
Honey Blush,#f5cf9b
Ravishing Coral,#e79580
Sockeye,#e49780
Sunset,#e2946f
Inventive Orange,#e89d6f
Melón Meloso,#f2b88c
Surprise Amber,#efb57a
Bellini Fizz,#f5c78e
Lei Flower,#d87b6a
Rejuvenate,#dd7861
Emberglow,#d67c56
Copper Harbor,#d57e52
Tangerine,#f2ac78
Adventure Orange,#e69f5f
Papaya,#efb97b
Quite Coral,#c76356
Emotional,#c65f47
Robust Orange,#c4633e
Determined Orange,#c56639
Outgoing Orange,#e6955f
Serape,#d88b4d
Summer Day,#eaaa62
Peppery,#b85444
Hearty Orange,#b44b34
Jalapeño,#b1533c
Husky Orange,#bb613e
Rhumba Orange,#cb7841
Amber Wave,#d28240
Saffron Thread,#df984e
Habanero Chile,#b8473d
Cayenne,#c04d35
Brick Paver,#93402f
Raucous Orange,#c35530
Yam,#c36f3e
Earthen Jug,#a85e39
Marigold,#d28233
Spun Sugar,#edd2c0
Peach Fuzz,#eccfbb
Sweet Orange,#ebccb3
Creamery,#edd0b6
Cachet Cream,#f3d9ba
Inviting Ivory,#f2d5b0
Jersey Cream,#f5debb
Warming Peach,#e4b9a2
Sumptuous Peach,#e5b99b
Soft Apricot,#e0b392
Sociable,#e8be9b
Ambitious Amber,#f0cb97
Harvester,#edc38e
Humble Gold,#edc796
Persimmon,#d9987c
Fame Orange,#db9c7b
Windswept Canyon,#dba480
Sun Bleached Ochre,#e3ab7b
Viva Gold,#e3ac72
Polvo de Oro,#e8b87f
Bee's Wax,#eabf86
Subdued Sienna,#cc896c
Chrysanthemum,#c47b5b
Chivalry Copper,#d4966e
Folksy Gold,#d69969
Bakelite Gold,#d7995d
Torchlight,#e5ae6b
Anjou Pear,#ddac6d
Baked Clay,#c1785c
Reynard,#b46848
Armagnac,#c38058
Autumnal,#cd8c5d
Tassel,#c6884a
Honeycomb,#d59858
Ceremonial Gold,#d69e59
Red Cent,#ad654c
Pennywise,#a2583a
Truepenny,#b46c42
Tigereye,#bb7748
Saucy Gold,#b6743b
Gold Coast,#c78538
Golden Rule,#cc9249
Spicy Hue,#994b35
Sierra Redwood,#924e3c
Copper Mountain,#a6613c
Gingery,#b06c3e
Copper Pot,#b16a37
Butterscotch,#b67d3c
Cut the Mustard,#ba7f38
Realist Beige,#d3c8bd
Touch of Sand,#d5c7ba
Lightweight Beige,#dac8b8
Sand Dollar,#d7c5b3
Playa Arenosa,#dcc7b3
Tres Naturale,#dcc7ad
Kilim Beige,#d7c5ae
Diverse Beige,#c2b4a7
Cool Beige,#c6b5a7
Familiar Beige,#cab3a0
Practical Beige,#c9b29c
Ginger Root,#d2b79e
Quinoa,#cfb597
Nomadic Desert,#c7b198
Utterly Beige,#b5a597
Smoky Beige,#b9a796
Sensational Sand,#bfa38d
Sands of Time,#bca38b
Beige Intenso,#c5a88d
Farro,#c1a485
Latte,#baa185
Cocoa Whip,#a08e7e
Utaupeia,#a58f7b
Iced Mocha,#a3846c
Nearly Brown,#a88e76
Soft Fawn,#b59778
Woven Wicker,#b99974
Double Latte,#a78c71
Down Home,#907865
Llama Wool,#917864
Toasty,#957258
Portabello,#947a62
Baked Cookie,#89674a
Almond Roca,#a78361
Hopsack,#9e8163
Cobble Brown,#7a6455
Caraïbe,#785f4c
Jute Brown,#815d40
Tea Chest,#7d644d
Saddle Up,#725237
El Caramelo,#946e48
Steady Brown,#8a6b4d
Sable,#5f4b3f
Half-Caff,#604c3d
Sturdy Brown,#69482c
Kaffee,#65503d
Umber Rust,#765138
Über Umber,#7b5838
Coconut Husk,#70573f
Gusto Gold,#f8ac1d
Goldfinch,#fdb702
Decisive Yellow,#fdcc4e
Forsythia,#ffc801
Lemon Twist,#fed95d
Daisy,#fed340
Confident Yellow,#fecb01
Enjoyable Yellow,#f5d6a9
Banana Cream,#f5deaf
They call it Mellow,#fbe4b3
Friendly Yellow,#f5e0b1
Lantern Light,#f4e1ae
Glad Yellow,#f5e1ac
Pineapple Cream,#f2eac3
Afterglow,#f6cd8e
Jonquil,#f7d391
La Luna Amarilla,#fddfa0
Butter Up,#f6dda3
Solaria,#f5d68f
Midday,#f7d78a
Icy Lemonade,#f4e8b2
Sunrise,#f4bf77
Pollen Powder,#fbd187
Sunny Veranda,#fedf94
Naples Yellow,#f6d58f
Yellow Bird,#f1cd7b
Quilt Gold,#eac365
Venetian Yellow,#f6e3a1
Olden Amber,#eeb76b
Afternoon,#fbcb78
Honey Bees,#fbd682
June Day,#f6c973
Overjoy,#eec25f
Nugget,#dbb04a
Fun Yellow,#f7e594
Yarrow,#ebad5e
Butterfield,#f7be5b
Golden Plumeria,#fbd073
Bee,#f1ba55
Gambol Gold,#e1b047
Kingdom Gold,#d1a436
Funky Yellow,#edd26f
Gold Crest,#df9938
Goldenrod,#f2af46
Rayo de Sol,#f4c454
Brittlebush,#eaae47
Glitzy Gold,#d6a02b
Crispy Gold,#c49832
Eye Catching,#ddb835
Curry,#d88f32
Sunflower,#e39a33
Cheerful,#ffc723
Trinket,#d69835
Auric,#c48919
Olde World Gold,#8f6c3e
Citronella,#cba901
Napery,#efddc1
Ivoire,#e4ceac
Believable Buff,#dbc7a8
Convivial Yellow,#e9d6b0
Lucent Yellow,#e4d0a5
Ancestral Gold,#ddcda6
Rice Paddy,#dfd4b0
Compatible Cream,#e8c89e
Blonde,#dcbd92
Whole Wheat,#cdb592
Sequin,#e1c28d
Pale Moss,#dcc797
Wheat Grass,#cbb584
Hearts of Palm,#cfc291
Dakota Wheat,#e1bd8e
Restrained Gold,#d2b084
Camelback,#c5aa85
Tarnished Trumpet,#d5b176
Independent Gold,#d2ba83
Dusted Olive,#bea775
Cool Avocado,#c4b47d
Golden Fleece,#d6ad78
Vintage Gold,#cba576
Coriander Powder,#ba9c75
Alchemy,#c99e53
Antiquity,#c2a462
Edgy Gold,#b1975f
Sassy Green,#bba86a
Butternut,#cc9b5c
Mannered Gold,#c19763
Baguette,#b39167
Different Gold,#bc934d
Escapade Gold,#b89b59
Brassy,#9d8344
Tupelo Tree,#9c9152
Bosc Pear,#c09056
Chamois,#ad8451
Cardboard,#9c7a56
Nankeen,#aa803a
Grandiose,#9c7f41
Bengal Grass,#8e773f
Rural Green,#8d844d
Gallant Gold,#a4763c
Relic Bronze,#906a3a
Craft Paper,#8a6645
Sconce Gold,#996f32
Fervent Brass,#95793d
Eminent Bronze,#7a6841
Saguaro,#655f2d
Natural Linen,#dfd3c3
Softer Tan,#dacab2
Wool Skein,#d9cfba
Netsuke,#e0cfb0
Dirty Martini,#ddd0b6
Rice Grain,#dbd0b9
Sedate Gray,#d1cdbf
Malabar,#cfbea9
Macadamia,#ccb79b
Relaxed Khaki,#c8bba3
Ecru,#d0ba94
Tumblin' Tumbleweed,#cdbb9c
Ramie,#cdbda2
Techno Gray,#bfb9aa
Antler Velvet,#c0ad96
Basket Beige,#c0a98b
Universal Khaki,#b8a992
Harmonic Tan,#c6b08a
Sawgrass Basket,#c3b090
Favorite Tan,#c1ae91
Chatroom,#b0ab9c
Song Thrush,#af987f
Serengeti Grass,#ab9579
Urban Jungle,#a4947e
Tarnished Treasure,#b9a47e
Dried Edamame,#b19f80
Fenland,#ac9d83
Honed Soapstone,#9d9887
Mudslide,#a08568
Dapper Tan,#947f65
Quiver Tan,#8e7f6a
Burlap,#ac9571
Barro Verde,#9f8e71
Sawdust,#998970
Hardware,#8b8372
Fallen Leaves,#8f7659
Thatch Brown,#867057
Superior Bronze,#786957
Artifact,#9a815e
Verde Marrón,#877459
High Tea,#7e6f59
Cocoon,#726b5b
Cowboy Boots,#695239
Umber,#6e543c
Protégé Bronze,#66543e
Mossy Gold,#7f6743
Oliva Oscuro,#665439
Best Bronze,#5d513e
Muddled Basil,#5a5243
Humorous Green,#c6b836
Center Stage,#b2c216
Electric Lime,#9aba25
Direct Green,#3f8a24
Envy,#358c3f
Lucky Green,#238652
Greenbelt,#017244
Moonraker,#eee3b2
Springtime,#e9e5b3
Lime Granita,#dce1b8
Lacewing,#d7e3ca
Cucumber,#d3dfc3
Jocular Green,#cce2ca
Mint Condition,#d1e3d2
Lively Yellow,#e6d88e
Gleeful,#dad790
Dancing Green,#c5cd8f
Romaine,#c0d2ad
Jardin,#bdd0ab
Kiwi,#aed2b0
Reclining Green,#b7d7bf
Frolic,#d9c661
Primavera,#d2d083
Lime Rickey,#afb96a
Oh Pistachio,#abca99
Seawashed Glass,#a9c095
Vegan,#8ec298
Retro Mint,#9fcdb1
Limón Fresco,#cebc55
Mélange Green,#c4c476
Stay in Lime,#9fac5c
Picnic,#99c285
Mesclun Green,#9db682
Frosted Emerald,#78b185
Lark Green,#8ac1a1
Hep Green,#c4b146
Parakeet,#b4b05a
Overt Green,#97a554
Organic Green,#7fac6e
Pickle,#85a16a
Eco Green,#68a678
Julep,#57aa80
High Strung,#ac9825
Luau Green,#989746
Gecko,#7a8833
Grasshopper,#4f854a
Talipot Palm,#648149
Kilkenny,#498555
Argyle,#348a5d
Offbeat Green,#9c8b1f
Verdant,#847e35
Paradise,#6c7b30
Espalier,#2f5f3a
Houseplant,#58713f
Derbyshire,#245e36
Greens,#016844
Celery,#e0ddbd
Honeydew,#dbddbd
Gratifying Green,#dae2cd
Supreme Green,#cfddc7
Topiary Tint,#c8d8c4
Slow Green,#c6d5c9
Breaktime,#c4d9ce
Shagreen,#cbc99d
Baize Green,#c7cda8
Bonsai Tint,#c5d1b2
Relish,#b3cbaa
Easy Green,#acc2a8
Kind Green,#aac2b3
Aloe,#accabc
Baby Bok Choy,#bbb98a
Great Green,#abb486
Haven,#a3b48c
Lounge Green,#8ba97f
Nurture Green,#98b092
Restful,#91af9d
Spearmint,#94b5a6
Ryegrass,#aeac7a
Cucuzza Verde,#9ba373
Broccoflower,#8fa277
Reseda Green,#75946b
Agate Green,#8ea486
Parisian Patina,#7d9b89
Verdigreen,#81a595
Tansy Green,#95945c
Leapfrog,#88915d
Dill,#788d60
Garden Grove,#5e7f57
Inland,#6c8867
Jadite,#61826c
Grandview,#6b927f
Relentless Olive,#71713e
Garden Spot,#6d7645
Greenfield,#60724f
Arugula,#42603c
Cilantro,#537150
Kale Green,#4f6a56
Kendal Green,#547867
Basque Green,#5f6033
Inverness,#576238
Courtyard,#475842
Evergreens,#405840
Shamrock,#205134
Isle of Pines,#3d5541
Hunt Club,#2a4f43
Ancient Marble,#d1ccb9
Liveable Green,#cecebd
Filmy Green,#d1d3c7
Conservative Gray,#d1d0c6
Aloof Gray,#c9c9c0
Sea Salt,#cdd2ca
Rainwashed,#c2cdc5
Grassland,#c1bca7
Softened Green,#bbbca7
Contented,#bdc0b3
Austere Gray,#bebfb2
Sensible Hue,#b6b5ab
Comfort Gray,#bec3bb
Quietude,#adbbb2
Svelte Sage,#b2ac96
Clary Sage,#acad97
Coastal Plain,#9fa694
Escape Gray,#abac9f
Rare Gray,#a6a69b
Oyster Bay,#aeb3a9
Halcyon Green,#9baaa2
At Ease Soldier,#9e9985
Green Onyx,#989a82
Jade Dragon,#909886
Evergreen Fog,#95978a
Cornwall Slate,#949488
Acacia Haze,#969c92
Jasper Stone,#8d9e97
Connected Gray,#898473
Artichoke,#7f8266
Privilege Green,#7a8775
Dried Thyme,#7b8070
Link Gray,#7f7e72
Retreat,#7a8076
Underseas,#7c8e87
Eclipse,#6b6757
Oakmoss,#65684c
Basil,#626e60
Rosemary,#64695c
Thunderous,#6d6c62
Pewter Green,#5e6259
Rocky River,#5e706a
Garden Gate,#5e5949
Secret Garden,#4f523a
Rock Garden,#465448
Shade-Grown,#4e5147
Cast Iron,#64645a
Ripe Olive,#44483d
Jasper,#343b36
Jitterbug Jade,#019d6e
Nifty Turquoise,#019187
Splashy,#019196
Intense Teal,#017680
Calypso,#01b0bb
Dynamic Blue,#0192c6
Hyper Blue,#015f97
Waterfall,#c0e3da
Tame Teal,#c1e6df
Swimming,#c2e5e5
Bathe Blue,#c2e0e3
Aviary Blue,#c6e3e8
Quench Blue,#b4e0e7
Minor Blue,#b7dfe8
Refresh,#a1d4c8
Aqueduct,#a1d5cb
Spa,#a7dcdc
Cay,#a6d0d6
Liquid Blue,#a6d4de
Cloudless,#8fd0dd
Bluebell,#a2d5e7
Aquastone,#89c6b7
Little Blue Box,#8ac5ba
Bora Bora Shore,#92d0d0
Gentle Aquamarine,#97cbd2
After the Rain,#8bc4d1
Surfin',#73c0d2
Sky Fall,#89c6df
Larchmere,#70baa7
Cooled Blue,#75b9ae
Mariner,#6ec2c4
Rapture Blue,#7dc1cb
Nautilus,#71b8c7
Fountain,#56b5ca
Flyway,#5db3d4
Jargon Jade,#53a38f
Rivulet,#61a89d
Aquarium,#3aa9ae
Freshwater,#4da6b2
Jamaica Bay,#34a3b6
Capri,#01a0b8
Major Blue,#289ec4
Ionian,#368976
Thermal Spring,#3b8c80
Gulfstream,#01858b
Briny,#08808e
Cruising,#018498
Blue Mosque,#01819e
Blue Plate,#017ca7
Starboard,#016c4f
Poseidon,#016d60
Maxi Teal,#017478
Blue Nile,#01717e
Amalfi,#016e85
Adriatic Sea,#016081
Jay Blue,#015d87
Waterscape,#bfd2c9
Tidewater,#c3d7d3
Meander Blue,#bedbd8
Open Air,#c7dfe0
Little Boy Blu,#c7d8db
Byte Blue,#c5dce0
Atmospheric,#c2dae0
Hazel,#a8c1b7
Watery,#b4ccc9
Raindrop,#9ec6c6
Jetstream,#b0d2d6
Billowy Breeze,#afc7cd
Stream,#adccd3
Vast Sky,#a9c9d7
Vintage Vessel,#94b2a6
Aquaverde,#a3c0bd
Blithe Blue,#90bdbd
Agua Fría,#9fc5cc
French Moire,#9fbbc3
Rest Assured,#9bbfc9
Resolute Blue,#85b0c4
Composed,#7ea298
Drizzle,#8caeab
Reflecting Pool,#7bb1b2
Ebbtide,#84b4be
Aquitaine,#88abb4
Open Seas,#83afbc
Bluebird Feather,#6f9db3
Surf Green,#5f887d
Lagoon,#518682
Cloudburst,#5c9598
Lakeshore,#5b96a2
Secret Cove,#68909d
Manitou Blue,#5b92a2
Secure Blue,#5389a1
Raging Sea,#476f65
Green Bay,#2e6864
Grand Canal,#3c797d
Great Falls,#217786
Silken Peacock,#427584
Loch Blue,#2f778b
Georgian Bay,#22657f
Country Squire,#124a42
Cape Verde,#01554f
Really Teal,#016367
Oceanside,#015a6b
Connor's Lakefront,#175a6c
Bosporus,#015d75
Loyal Blue,#01455e
Tradewind,#c2cfcf
Sleepy Blue,#bccbce
Lullaby,#cbd4d4
Misty,#cdd2d2
Moonmist,#c9d9e0
Upward,#bfc9d0
North Star,#cad0d2
Rain,#abbebf
Languid Blue,#a4b7bd
Niebla Azul,#b6c3c4
Samovar Silver,#b8bebe
Sleepy Hollow,#b7c9d1
Windy Blue,#aabac6
Krypton,#b8c0c3
Interesting Aqua,#9bafb2
Meditative,#96aab0
Stardew,#a6b2b5
Uncertain Gray,#a9b0b1
Faded Flaxflower,#9eb4c0
Aleutian,#98a9b7
Jubilee,#adb5b9
Delft,#8b9fa0
Whirlpool,#80969d
Debonair,#90a0a6
Cadet,#91999c
Favorite Jeans,#8aa3b1
Daphne,#899caa
Let it Rain,#979fa5
Moody Blue,#7a9192
Refuge,#607d84
Blustery Sky,#6f848c
Foggy Day,#727c7f
Smoky Azurite,#708d9e
Bracing Blue,#768b9a
Storm Cloud,#7a848d
Riverway,#5d7274
Tempe Star,#47626a
Waterloo,#536872
Grays Harbor,#596368
Inky Blue,#4e7287
Distance,#5d6f7f
Granite Peak,#606b75
Still Water,#4a5d5f
Rainstorm,#244653
Moscow Midnight,#204652
Dark Night,#23383f
Endless Sea,#32586e
Indigo Batik,#3e5063
Outerspace,#586168
Blue Chip,#016ea7
Blueblood,#015086
Frank Blue,#225288
Morning Glory,#3c4c80
Fully Purple,#514c7e
African Violet,#665385
Passionate Purple,#795484
Soar,#c3dfe8
Icelandic,#cbd8e1
Rhythmic Blue,#ccdbe5
Wishful Blue,#d8dde6
Inspired Lilac,#dfd9e4
Elation,#dfdce5
Spangle,#e5dbe5
Something Blue,#b0d6e6
Blissful Blue,#b2c8d8
Wondrous Blue,#b8cddd
Breathtaking,#c7d1e2
Potentially Purple,#d1cbdf
Rhapsody Lilac,#d2c8dd
Euphoric Lilac,#dac7da
Porch Ceiling,#9bc8de
Cosmos,#8ea9c2
Celestial,#97b3d0
Agapanthus,#bbc5de
Wisteria,#bdb4d4
Magical,#c0afd0
Novel Lilac,#c2a4c2
Regale Blue,#7db5d3
Bluesy Note,#7c9ab5
Lobelia,#7498be
Awesome Violet,#a7b2d4
Forever Lilac,#afa5c7
Berry Frappé,#b3a1c6
Baroness,#a785a7
Jacaranda,#5a9ec0
Scanda,#6b8ca9
Perfect Periwinkle,#6487b0
Dahlia,#8b98c4
Brave Purple,#968db8
Kismet,#a18ab7
Veri Berri,#937496
Danube,#2377a2
Revel Blue,#4c6b8a
Lupine,#4e739f
Gentian,#6572a5
Forget-Me-Not,#716998
Clematis,#7e6596
Vigorous Violet,#7c5a7e
Dignity Blue,#094c73
Indigo,#284a70
Honorable Blue,#164576
Valiant Violet,#3e4371
Izmir Purple,#4d426e
Impulsive Purple,#624977
Kimono Violet,#5d395f
Balmy,#c5d8de
Hinting Blue,#ced9dd
Mild Blue,#cbd5db
Starry Night,#d6d9de
Silver Peony,#dad6db
Lite Lavender,#e0dadf
Wallflower,#dbcfd4
Take Five,#b3c9d3
Honest Blue,#b2c7d3
Icy,#bbc7d2
Daydream,#bdc3cd
Grape Mist,#c5c0c9
Enchant,#d1c6d2
Mauve Finery,#cbb8c0
Respite,#97b4c3
Notable Hue,#8ba7bb
Solitude,#99a7b8
Vesper Violet,#99a0b2
Ash Violet,#a29baa
Obi Lilac,#b0a3b6
Thistle,#aa8e9a
Baby Blue Eyes,#83a2b4
Dyer's Woad,#7b99b0
Dried Lavender,#8595aa
Dusty Heather,#8990a3
Gentle Grape,#908a9b
Berry Cream,#9a8ca2
Ruby Violet,#9b7e8b
Leisure Blue,#6a8ea1
Sporty Blue,#6a8aa4
Searching Blue,#6c7f9a
Soulful Blue,#757c91
Mythical,#7e778e
Wood Violet,#7a6b85
Plum Dandy,#8b6878
Down Pour,#43718b
Denim,#506b84
Luxe Blue,#516582
Mesmerize,#5d657b
Purple Passage,#645e77
Plummy,#675a75
Grape Harvest,#7e5a6d
Regatta,#215772
Commodore,#25476a
Dignified,#3b496d
Majestic Purple,#3b3c5a
Dewberry,#3e385a
Concord Grape,#443757
Mature Grape,#5f3f54
Destiny,#cfc9c8
Minute Mauve,#cfc9c8
Unique Gray,#cbc9c9
Sensitive Tint,#cec9cc
Vaguely Mauve,#d1c5c4
Individual White,#d4cdca
Angora,#d1c5be
Fashionable Gray,#bdb8b8
Ponder,#bcb6b6
Swanky Gray,#b5b1b5
Veiled Violet,#bdb5b9
Chaise Mauve,#c1b2b3
Imagine,#c2b6b6
Temperate Taupe,#bfb1aa
Mystical Shade,#aea9aa
Quest Gray,#ada5a5
Mysterious Mauve,#a6a3a9
Beguiling Mauve,#afa7ac
Intuitive,#b3a3a5
Flexible Gray,#b1a3a1
Truly Taupe,#ac9e97
Moonlit Orchid,#949194
Slate Violet,#989192
Gris Morado,#8f8a91
Autumn Orchid,#9d9093
Coquina,#9d8d8e
Auger Shell,#9f9291
Armadillo,#9e9089
Special Gray,#7b787d
Sensuous Gray,#837d7f
Exclusive Plum,#736f78
Soulmate,#85777b
Enigma,#8b7c7e
Chinchilla,#867875
Poised Taupe,#8c7e78
Cloak Gray,#605e63
Stunning Shade,#676064
Midnight,#5d5962
Expressive Plum,#695c62
Poetry Plum,#6f5c5f
Browse Brown,#6e615f
Less Brown,#756761
Perle Noir,#4f4d51
Darkroom,#443e40
Quixotic Plum,#4a4653
Plum Brown,#4e4247
Marooned,#4e3132
Bitter Chocolate,#4d3c3c
Otter,#56433b
Requisite Gray,#b9b2a9
Versatile Gray,#c1b6ab
Mindful Gray,#bcb7ad
Amazing Gray,#beb5a9
Jogging Path,#c0b9a9
Loggia,#c4b7a5
Balanced Beige,#c0b2a2
Reflection,#d3d5d3
Olympus White,#d4d8d7
Gray Screen,#c6caca
Passive,#cbccc9
Silver Strand,#c8cbc4
Gossamer Veil,#d3cec4
Silverpointe,#d1d2cb
Evening Shadow,#c9cccd
Lazy Gray,#bec1c3
Online,#b0b5b5
Argos,#bdbdb7
Magnetic Gray,#b2b5af
Drift of Mist,#dcd8d0
Lattice,#cecec6
Monorail Silver,#b8bcbb
Morning Fog,#a8aeb1
Network Gray,#a0a5a7
Gray Matters,#a7a8a2
Unusual Gray,#a3a7a0
Gray Clouds,#b7b7b2
Front Porch,#ccccc5
Steely Gray,#90979b
Dustblu,#959ba0
African Gray,#939899
Tin Lizzie,#939591
Illusive Green,#92948d
Mineral Deposit,#abb0ac
Tinsmith,#c5c8c4
Wall Street,#656d73
Serious Gray,#7d848b
Software,#7f8486
Cityscape,#7f817e
Attitude Gray,#7c7d75
Gris,#a5a9a8
Silverplate,#c2c0ba
Slate Tile,#606e74
Gibraltar,#626970
Web Gray,#616669
Grizzle Gray,#636562
Night Owl,#63655f
Earl Grey,#969a96
Ellie Gray,#aaa9a4
Smoky Blue,#596e79
Sea Serpent,#3e4b54
Cyberspace,#44484d
Peppercorn,#585858
Laurel Woods,#44493d
Homburg Gray,#666d69
Stamped Concrete,#a0a09a
Grayish,#cfcac7
Alpaca,#ccc5bd
Popular Gray,#d4ccc3
Agreeable Gray,#d1cbc1
Repose Gray,#ccc9c0
Worldly Gray,#cec6bb
Useful Gray,#cfcabd
Essential Gray,#bcb8b6
Anew Gray,#bfb6aa
Analytical Gray,#bfb6a7
Proper Gray,#ada8a5
Functional Gray,#aba39a
Perfect Greige,#b7ab9f
Mega Greige,#ada295
Dorian Gray,#aca79e
Intellectual Gray,#a8a093
Gray Area,#afa696
Polished Concrete,#9e9793
Elephant Ear,#988f85
Chatura Gray,#a09287
Keystone Gray,#9e9284
Acier,#9e9991
Felted Wool,#979083
Studio Clay,#958d7f
Mink,#847b77
Backdrop,#867a6f
Spalding Gray,#8d7f75
Warm Stone,#887b6c
Dovetail,#908a83
Anonymous,#817a6e
Adaptive Shade,#867e70
Folkstone,#6d6562
Griffin,#6f6459
Garret Gray,#756861
Brainstorm Bronze,#74685a
Gauntlet Gray,#78736e
Porpoise,#6b645b
Suitable Brown,#645a4b
Manor House,#665d57
Well-Bred Brown,#564537
Chateau Brown,#5b4b44
Status Bronze,#5c4d3c
Black Fox,#4f4842
Urbane Bronze,#54504a
Enduring Bronze,#554c3e
Grecian Ivory,#d8cfbe
Shiitake,#c8bcab
Accessible Beige,#d1c7b8
China Doll,#dbcebd
Tricorn Black,#2f2f30
Rockweed,#443735
Dress Blues,#2b4360
Bungalow Beige,#cdbfb0
Caviar,#313031
Black Bean,#403330
Salty Dog,#234058
Gateway Gray,#b2ac9c
Stone Lion,#b3a491
Tony Taupe,#b1a290
Dhurrie Beige,#cabaa8
Black Magic,#323132
Raisin,#392b2d
In the Navy,#283849
Ethereal Mood,#aea594
Taupe Tone,#ada090
Moth Wing,#a0907f
Pavilion Beige,#c5b6a4
Inkwell,#31363a
Deep Forest Brown,#393437
Charcoal Blue,#3d4450
Fawn Brindle,#a7a094
Sanderling,#a79582
Virtual Taupe,#8a7a6a
Threshold Taupe,#ac9a8a
Black of Night,#323639
Domino,#353337
Mineral Gray,#515763
Rushing River,#a19c8f
Tavern Taupe,#9c8a79
Smokehouse,#716354
Dry Dock,#a18d7d
Greenblack,#373a3a
Bohemian Black,#3b373c
Naval,#2f3d4c
Mountain Road,#868578
Foothills,#827466
Van Dyke Brown,#564536
Tiki Hut,#826f5e
Iron Ore,#434341
Black Swan,#3a373e
Anchors Aweigh,#2b3441
Pearly White,#e8e3d9
Snowbound,#edeae5
Alabaster,#edeae0
Dover White,#f0eadc
Casa Blanca,#ede1ce
Muslin,#eadfc9
Neutral Ground,#e2daca
Greek Villa,#f0ece2
Pure White,#edece6
High Reflective White,#f7f7f1
Extra White,#eeefea
Spare White,#e4e4dd
Heron Plume,#e5e1d8
Arcade White,#f3eee7
Ceiling Bright White,#e9ebe7
Reserved White,#e0e0d9
Zurich White,#e6e1d9
Ibis White,#f2ece6
Ivory Lace,#ece5d8
Westhighland White,#f3eee3
Toque White,#e7e2da
Ice Cube,#e3e4e1
Fleur de Sel,#dcddd8
Origami White,#e5e2da
Cultured Pearl,#e5dcd6
Shoji White,#e6dfd3
Egret White,#dfd9cf
Incredible White,#e3ded7
Rhinestone,#dee0de
Frosty White,#ddddd6
Aesthetic White,#e3ddd3
Nice White,#e6ddd5
White Duck,#e5dfd2
Pediment,#d3ccc4
Eider White,#e2ded8
Nebulous White,#dedfdc
Ethereal White,#e3e2d9
White Heron,#e7e1d7
Everyday White,#e4dcd4
Natural Choice,#e3ded0
Crushed Ice,#d6d3cc
First Star,#dad9d4
Rock Candy,#dee1df
Moderne White,#e2e0d7
City Loft,#dfdad1
Gauzy White,#e3dbd4
Oyster White,#e2ddd0
On the Rocks,#d0cec8
Big Chill,#d0cec9
Site White,#dcdedc
Nuance,#e2e0d6
Windfresh White,#ded8cf
Simple White,#dfd9d2
Whitetail,#f4efe4
Paperwhite,#f7efde
Roman Column,#f6f0e2
Shell White,#f0ebe0
Cotton White,#f7efe3
Steamed Milk,#ece1d1
Marshmallow,#eee9e0
Honied White,#f8eedb
Nacre,#e8e2d4
Eggwhite,#f3e5d2
Medici Ivory,#f3e9d7
Panda White,#eae2d4
White Flour,#f4efe5
Creamy,#efe8db
Summer White,#f4e9d6
Restful White,#eee8d7
Crisp Linen,#f3e6d4
Biscuit,#ebddcb
Moderate White,#e9decf
Downy,#efe8dd
Aged White,#e8decd
Crème,#f4e8d2
Polar Bear,#e8dfca
Intricate Ivory,#edddca
Divine White,#e6dccd
Futon,#ede6db
Décor White,#f2e5cf
Navajo White,#e9dcc6
Choice Cream,#f0e1d0
Kestrel White,#e0d6c8
Modest White,#e6ddd4
Canvas Tan,#dcd1bf
Vanillin,#f2e3ca
Antique White,#e8dcc6
Lotus Pod,#e7d7c2
Fragile Beauty,#e7d7c6
Bauhaus Buff,#e7dbcc
Reliable White,#e8ded3
Patience,#e2d3bf
Eaglet Beige,#e9d9c0
Chopsticks,#e0d1b8
Echelon Ecru,#e7d8be
Irish Cream,#e3d2b8
Only Natural,#e2d3c4
Pacer White,#e5ddd0
Gardenia,#f3e2c9
Restoration Ivory,#e9e1ca
Nonchalant White,#deddd1
Glimmer,#e0e7e2
Sky High,#dce7e8
Mountain Air,#d8e0df
Polite White,#e9ddd4
Welcome White,#f3e3ca
Ionic Ivory,#e7dfc5
Spinach White,#e4e8da
Opaline,#dcdfd7
Snowdrop,#e0e8e7
Quicksilver,#dde2e0
Gorgeous White,#e7dbd3
Champagne,#f2e3ce
Chamomile,#e9e0c5
White Mint,#e0e7da
Window Pane,#d7dfd8
Topsail,#dae2e0
Icicle,#dbdfe0
Hush White,#e5dad4
Nearly Peach,#efded1
Vital Yellow,#ede0c5
Sagey,#e2e2d1
Fleeting Green,#d8e2d8
Blue Horizon,#d8e7e6
Rarified Air,#e1e6e6
Dreamy White,#e3d9d5
Faint Coral,#eeded5
Daybreak,#f3eac6
Queen Anne's Lace,#ecead5
Green Trance,#d7e4db
Bravo Blue,#d3e7e9
Snowfall,#e0deda
Smart White,#e4dbd8
Intimate White,#f0e1d8
Lily,#f3e8c2
Sprout,#e4e4ce
Embellished Blue,#d7ebe2
Iceberg,#d6e4e7
Spatial White,#dddcdb
Original White,#e2dedb
Comical Coral,#f3d1c8
Daffodil,#fad97a
Green Vibes,#d4e7c3
Tantalizing Teal,#87dcce
Undercool,#7fc3e1
Hyacinth Tint,#c2cbe0
Free Spirit,#cab2d2
